	{

		"metadata": {
			"formatVersion" : 3.1,
			"generatedBy"   : "Blender 2.7 Exporter",
			"vertices"      : 42,
			"faces"         : 80,
			"normals"       : 42,
			"colors"        : 0,
			"uvs"           : [56],
			"materials"     : 1,
			"morphTargets"  : 0,
			"bones"         : 0
		},

			"scale" : 1.000000,
			
			"vertices" : [0,0.69411,-3.03405e-08,-0.660376,0.891667,-0.044917,-0.115855,0.984983,-0.460951,0.340761,1.02147,-0.213831,0.538855,0.871468,0.450417,-0.183947,0.975939,0.457777,-0.441235,1.51017,-0.368816,0.333641,1.67005,-0.830307,0.51984,1.48316,0.0353586,0.102829,1.43356,0.409129,-0.488128,1.51077,0.306305,0,2.0788,-9.08672e-08,-0.101065,0.55178,-0.402095,-0.420371,0.540877,-0.0285919,-0.421416,0.883169,-0.352245,-0.303969,1.00083,0.190743,-0.168011,0.49352,0.418116,0.214001,0.813849,-0.134288,0.211332,0.872321,-0.525927,0.291563,0.607759,0.243712,0.721513,0.775672,0.0490761,0.133084,0.885188,0.529508,-0.794569,1.22263,0.199712,-0.353999,1.22263,0.423511,-0.250471,1.22263,-0.399151,-0.585123,1.22263,-0.235106,0.489805,1.22263,-0.585978,0.0693075,1.22263,-1.0189,0.496595,1.22263,0.199531,0.656216,1.22263,-0.164936,-0.0377483,1.22263,0.554792,0.435339,1.22263,0.693757,-0.546905,1.56142,-0.0371981,-0.18496,1.6916,-0.735906,0.367076,1.49048,-0.230344,0.36159,1.5139,0.302238,-0.198631,1.55188,0.494316,-0.200715,1.64591,-0.167773,-0.30706,1.80918,0.192683,0.134993,1.80845,-0.335947,0.424265,1.9107,0.0288566,0.0728258,1.70603,0.289744],
			"faces"    : [42,0,13,12,0,0,1,2,0,1,2,42,1,13,15,0,3,1,4,3,1,4,42,0,12,17,0,0,2,5,0,2,5,42,0,17,19,0,6,7,8,0,5,6,42,0,19,16,0,9,10,11,0,6,7,42,1,15,22,0,3,4,12,3,4,8,42,2,14,24,0,13,14,15,9,10,11,42,3,18,26,0,16,17,18,12,13,14,42,4,20,28,0,19,20,21,15,16,17,42,5,21,30,0,22,23,24,18,19,20,42,1,22,25,0,3,12,25,3,8,21,42,2,24,27,0,13,15,26,9,11,22,42,3,26,29,0,27,28,29,12,14,23,42,4,28,31,0,19,21,30,15,17,24,42,5,30,23,0,22,24,31,18,20,25,42,6,32,37,0,32,33,34,26,27,28,42,7,33,39,0,35,36,37,29,30,31,42,8,34,40,0,38,39,40,32,33,34,42,9,35,41,0,41,42,43,35,36,37,42,10,36,38,0,44,45,46,38,39,40,42,12,14,2,0,2,14,13,2,10,9,42,12,13,14,0,2,1,14,2,1,10,42,13,1,14,0,1,3,14,1,3,10,42,15,16,5,0,4,11,22,4,7,18,42,15,13,16,0,4,1,11,4,1,7,42,13,0,16,0,1,9,11,1,0,7,42,17,18,3,0,5,17,16,5,13,12,42,17,12,18,0,5,2,17,5,2,13,42,12,2,18,0,2,13,17,2,9,13,42,19,20,4,0,10,47,48,6,16,15,42,19,17,20,0,8,7,20,6,5,16,42,17,3,20,0,7,27,20,5,12,16,42,16,21,5,0,11,23,22,7,19,18,42,16,19,21,0,11,10,23,7,6,19,42,19,4,21,0,10,48,23,6,15,19,42,22,23,10,0,12,31,44,8,25,38,42,22,15,23,0,12,4,31,8,4,25,42,15,5,23,0,4,22,31,4,18,25,42,24,25,6,0,15,25,32,11,21,26,42,24,14,25,0,15,14,25,11,10,21,42,14,1,25,0,14,3,25,10,3,21,42,26,27,7,0,49,26,35,14,22,29,42,26,18,27,0,18,17,50,14,13,22,42,18,2,27,0,17,13,26,13,9,22,42,28,29,8,0,21,29,38,17,23,32,42,28,20,29,0,21,20,29,17,16,23,42,20,3,29,0,20,27,29,16,12,23,42,30,31,9,0,24,51,41,20,24,35,42,30,21,31,0,24,23,51,20,19,24,42,21,4,31,0,23,48,51,19,15,24,42,25,32,6,0,25,33,32,21,27,26,42,25,22,32,0,25,12,33,21,8,27,42,22,10,32,0,12,44,33,8,38,27,42,27,33,7,0,26,36,35,22,30,29,42,27,24,33,0,26,15,36,22,11,30,42,24,6,33,0,15,32,36,11,26,30,42,29,34,8,0,29,39,38,23,33,32,42,29,26,34,0,29,28,39,23,14,33,42,26,7,34,0,49,35,52,14,29,33,42,31,35,9,0,51,42,41,24,36,35,42,31,28,35,0,30,21,53,24,17,36,42,28,8,35,0,21,38,53,17,32,36,42,23,36,10,0,31,45,44,25,39,38,42,23,30,36,0,31,24,45,25,20,39,42,30,9,36,0,24,41,45,20,35,39,42,37,38,11,0,34,46,54,28,40,41,42,37,32,38,0,34,33,46,28,27,40,42,32,10,38,0,33,44,46,27,38,40,42,39,37,11,0,37,34,54,31,28,41,42,39,33,37,0,37,36,34,31,30,28,42,33,6,37,0,36,32,34,30,26,28,42,40,39,11,0,55,37,54,34,31,41,42,40,34,39,0,55,52,37,34,33,31,42,34,7,39,0,52,35,37,33,29,31,42,41,40,11,0,43,55,54,37,34,41,42,41,35,40,0,43,42,55,37,36,34,42,35,8,40,0,53,38,40,36,32,34,42,38,41,11,0,46,43,54,40,37,41,42,38,36,41,0,46,45,43,40,39,37,42,36,9,41,0,45,41,43,39,35,37],
			"uvs"      : [[0.425109,0.070224,0.47581,0.212092,0.353757,0.160601,0.406291,0.302457,0.468994,0.34645,0.337371,0.032322,0.321837,0.63828,0.293522,0.698167,0.232687,0.614248,0.629582,0.207552,0.688523,0.328241,0.561926,0.313367,0.396642,0.360559,0.276716,0.221773,0.35214,0.251356,0.281164,0.289613,0.257581,0.000107,0.239903,0.123013,0.11235,0.040702,0.063457,0.740997,0.166155,0.712537,0.119186,0.828893,0.511619,0.388966,0.592392,0.418962,0.500271,0.461236,0.343244,0.325191,0.097397,0.25837,0.281802,0.757664,0.321837,0.855798,0.217119,0.822524,0.000107,0.822922,0.450274,0.403511,0.290465,0.359238,0.343542,0.389757,0.288178,0.423403,0.129979,0.399541,0.20698,0.367252,0.213558,0.479215,0.161566,0.89324,0.232409,0.918389,0.14674,0.999893,0.45889,0.525746,0.439492,0.614034,0.384636,0.529419,0.392882,0.41381,0.420799,0.463315,0.351852,0.456208,0.845267,0.3943,0.710864,0.467871,0.000107,0.437879,0.065655,0.238168,0.600057,0.569263,0.110097,0.556595,0.085492,0.902075,0.302674,0.502264,0.274225,0.614034]],
			"normals"  : [0.31605,-0.93347,-0.169439,-0.54912,-0.832698,0.071078,0.050691,-0.833979,-0.549425,-0.876797,-0.478378,0.048219,-0.67159,-0.415265,0.613575,0.491684,-0.791528,-0.362865,0.283273,-0.951781,0.117649,-0.295877,-0.79162,0.534532,-0.925352,-0.05472,0.375072,-0.485458,-0.311594,-0.816828,-0.573809,-0.227485,-0.786737,-0.635945,-0.172674,-0.752159,0.624561,-0.629536,-0.462081,0.43495,-0.747826,-0.501541,0.910672,-0.196173,-0.363536,0.697165,-0.361583,0.619007,0.854518,-0.487045,-0.180395,0.911435,0.279092,0.302225,-0.596789,-0.20951,0.774529,-0.019013,-0.396741,0.917692,-0.213233,0.095157,0.97235,-0.770959,0.062075,-0.633839,-0.121647,-0.310007,-0.9429,0.960387,0.103427,-0.258614,0.458419,0.229957,0.858455,-0.516648,-0.239326,0.822047,-0.757927,0.386486,-0.525468,-0.727836,0.657735,-0.193915,-0.516495,0.802423,-0.298837,0.560869,0.597339,-0.573199,-0.601642,0.587237,-0.541429,0.191687,0.901456,-0.388043,0.942534,0.320048,0.095767,0.821375,0.492721,-0.287301,0.728813,0.677389,0.099643,0.162908,0.551378,0.818171,0.595386,0.497879,0.630543,0.192694,0.570788,0.798151,-0.654469,0.444075,0.611896,-0.140629,0.417951,0.897488,-0.515793,0.810266,0.278176,-0.188788,0.981964,0.008972],
			
			"skinIndices"  : [],
			"skinWeights"  : [],
			"morphTargets" : [],
			
			"bones"      : [],
			"animations" : [],
			
			"colors"    : [],
			"materials" : [
				{
					"DbgColor": 15658734,
					"DbgIndex": 0,
					"DbgName": "Material_001.002",
					"blending": "NormalBlending",
					"colorAmbient": [0, 0, 0],
					"colorDiffuse": [0.64, 0.64, 0.64],
					"colorEmissive": [0.0, 0.0, 0.0],
					"colorSpecular": [0.5, 0.5, 0.5],
					"depthTest": true,
					"depthWrite": true,
					"shading": "Lambert",
					"specularCoef": 50,
					"transparency": 1.0,
					"transparent": false,
					"vertexColors": false
				}
			]


	}
