	{

		"metadata": {
			"formatVersion" : 3.1,
			"generatedBy"   : "Blender 2.7 Exporter",
			"vertices"      : 42,
			"faces"         : 80,
			"normals"       : 42,
			"colors"        : 0,
			"uvs"           : [56],
			"materials"     : 1,
			"morphTargets"  : 0,
			"bones"         : 0
		},

			"scale" : 1.000000,
			
			"vertices" : [-0.8104,-0.85553,0.43453,-2.29714,-1.15463,-0.361222,0.0565079,-1.02106,-1.50149,0.987676,-0.218858,-0.501021,2.33498,-1.71861,1.905,0.358175,-1.04458,0.849862,-1.70202,1.16588,-1.55752,2.30319,2.92821,-5.29043,2.53795,1.28863,0.15308,0.363904,0.331679,1.18395,-2.08728,1.08048,1.05092,-0.080392,5.47892,0.00383771,-0.761192,-1.5591,-0.736984,-1.57598,-2.73305,-0.294147,-1.63779,-1.76123,-0.891875,-0.158405,-0.378465,-0.377102,-0.510215,-3.1204,1.60942,0.271745,-0.900567,-0.0587081,0.68723,-1.1807,-2.48631,1.31471,-2.30561,1.28189,2.91967,-1.95583,0.592299,0.829393,-1.46144,1.695,-3.55323,-0.00551029,0.705951,-0.706198,0.579587,0.285116,-0.657977,0.152121,-1.39576,-2.1018,-0.190879,-0.25193,3.53866,-0.206447,-3.75585,0.496643,0.128269,-5.48931,1.05397,-0.667224,0.558624,3.1707,-0.160019,-0.783141,0.214929,-0.274373,1.31649,1.98945,-0.389953,2.99659,-2.45044,1.20422,-0.00161558,-0.631401,2.2699,-3.98568,2.06739,1.44874,-1.33494,1.5722,1.1707,1.18066,-0.980469,1.26989,1.61654,-1.21966,2.48634,-1.0156,-1.86218,3.47319,1.16682,0.892009,3.82329,-2.18184,2.78726,4.27604,0.206147,0.28805,2.38237,1.12176],
			"faces"    : [42,0,13,12,0,0,1,2,0,1,2,42,1,13,15,0,3,1,4,3,1,4,42,0,12,17,0,0,2,5,0,2,5,42,0,17,19,0,6,7,8,0,5,6,42,0,19,16,0,9,10,11,0,6,7,42,1,15,22,0,3,4,12,3,4,8,42,2,14,24,0,13,14,15,9,10,11,42,3,18,26,0,16,17,18,12,13,14,42,4,20,28,0,19,20,21,15,16,17,42,5,21,30,0,22,23,24,18,19,20,42,1,22,25,0,3,12,25,3,8,21,42,2,24,27,0,13,15,26,9,11,22,42,3,26,29,0,27,28,29,12,14,23,42,4,28,31,0,19,21,30,15,17,24,42,5,30,23,0,22,24,31,18,20,25,42,6,32,37,0,32,33,34,26,27,28,42,7,33,39,0,35,36,37,29,30,31,42,8,34,40,0,38,39,40,32,33,34,42,9,35,41,0,41,42,43,35,36,37,42,10,36,38,0,44,45,46,38,39,40,42,12,14,2,0,2,14,13,2,10,9,42,12,13,14,0,2,1,14,2,1,10,42,13,1,14,0,1,3,14,1,3,10,42,15,16,5,0,4,11,22,4,7,18,42,15,13,16,0,4,1,11,4,1,7,42,13,0,16,0,1,9,11,1,0,7,42,17,18,3,0,5,17,16,5,13,12,42,17,12,18,0,5,2,17,5,2,13,42,12,2,18,0,2,13,17,2,9,13,42,19,20,4,0,10,47,48,6,16,15,42,19,17,20,0,8,7,20,6,5,16,42,17,3,20,0,7,27,20,5,12,16,42,16,21,5,0,11,23,22,7,19,18,42,16,19,21,0,11,10,23,7,6,19,42,19,4,21,0,10,48,23,6,15,19,42,22,23,10,0,12,31,44,8,25,38,42,22,15,23,0,12,4,31,8,4,25,42,15,5,23,0,4,22,31,4,18,25,42,24,25,6,0,15,25,32,11,21,26,42,24,14,25,0,15,14,25,11,10,21,42,14,1,25,0,14,3,25,10,3,21,42,26,27,7,0,49,26,35,14,22,29,42,26,18,27,0,18,17,50,14,13,22,42,18,2,27,0,17,13,26,13,9,22,42,28,29,8,0,21,29,38,17,23,32,42,28,20,29,0,21,20,29,17,16,23,42,20,3,29,0,20,27,29,16,12,23,42,30,31,9,0,24,51,41,20,24,35,42,30,21,31,0,24,23,51,20,19,24,42,21,4,31,0,23,48,51,19,15,24,42,25,32,6,0,25,33,32,21,27,26,42,25,22,32,0,25,12,33,21,8,27,42,22,10,32,0,12,44,33,8,38,27,42,27,33,7,0,26,36,35,22,30,29,42,27,24,33,0,26,15,36,22,11,30,42,24,6,33,0,15,32,36,11,26,30,42,29,34,8,0,29,39,38,23,33,32,42,29,26,34,0,29,28,39,23,14,33,42,26,7,34,0,49,35,52,14,29,33,42,31,35,9,0,51,42,41,24,36,35,42,31,28,35,0,30,21,53,24,17,36,42,28,8,35,0,21,38,53,17,32,36,42,23,36,10,0,31,45,44,25,39,38,42,23,30,36,0,31,24,45,25,20,39,42,30,9,36,0,24,41,45,20,35,39,42,37,38,11,0,34,46,54,28,40,41,42,37,32,38,0,34,33,46,28,27,40,42,32,10,38,0,33,44,46,27,38,40,42,39,37,11,0,37,34,54,31,28,41,42,39,33,37,0,37,36,34,31,30,28,42,33,6,37,0,36,32,34,30,26,28,42,40,39,11,0,55,37,54,34,31,41,42,40,34,39,0,55,52,37,34,33,31,42,34,7,39,0,52,35,37,33,29,31,42,41,40,11,0,43,55,54,37,34,41,42,41,35,40,0,43,42,55,37,36,34,42,35,8,40,0,53,38,40,36,32,34,42,38,41,11,0,46,43,54,40,37,41,42,38,36,41,0,46,45,43,40,39,37,42,36,9,41,0,45,41,43,39,35,37],
			"uvs"      : [[0.425109,0.070224,0.47581,0.212092,0.353757,0.160601,0.406291,0.302457,0.468994,0.34645,0.337371,0.032322,0.321837,0.63828,0.293522,0.698167,0.232687,0.614248,0.629582,0.207552,0.688523,0.328241,0.561926,0.313367,0.396642,0.360559,0.276716,0.221773,0.35214,0.251356,0.281164,0.289613,0.257581,0.000107,0.239903,0.123013,0.11235,0.040702,0.063457,0.740997,0.166155,0.712537,0.119186,0.828893,0.511619,0.388966,0.592392,0.418962,0.500271,0.461236,0.343244,0.325191,0.097397,0.25837,0.281802,0.757664,0.321837,0.855798,0.217119,0.822524,0.000107,0.822922,0.450274,0.403511,0.290465,0.359238,0.343542,0.389757,0.288178,0.423403,0.129979,0.399541,0.20698,0.367252,0.213558,0.479215,0.161566,0.89324,0.232409,0.918389,0.14674,0.999893,0.45889,0.525746,0.439492,0.614034,0.384636,0.529419,0.392882,0.41381,0.420799,0.463315,0.351852,0.456208,0.845267,0.3943,0.710864,0.467871,0.000107,0.437879,0.065655,0.238168,0.600057,0.569263,0.110097,0.556595,0.085492,0.902075,0.302674,0.502264,0.274225,0.614034]],
			"normals"  : [0.47438,-0.830012,-0.293222,0.387555,-0.559191,0.732841,0.48204,-0.872982,-0.074129,-0.93643,-0.346385,0.055696,-0.580187,-0.259621,0.771966,0.171178,-0.94409,-0.281716,0.034852,-0.99469,0.0965,-0.860988,-0.034791,-0.507401,-0.907163,-0.267953,0.32432,-0.744835,-0.137638,-0.652852,-0.379559,-0.357982,-0.853084,-0.665609,-0.392102,-0.634968,0.340465,-0.889401,-0.304971,-0.04416,-0.993194,-0.107486,0.875484,-0.419294,-0.24012,0.739006,-0.260262,0.621357,0.893216,-0.388073,-0.226936,0.91113,0.244942,0.331339,-0.869869,0.052583,0.490432,-0.477187,-0.208472,0.853694,-0.726096,-0.184759,0.662252,-0.628559,0.000519,-0.777734,-0.336222,-0.434095,-0.835749,0.900967,-0.393414,0.182806,0.437086,0.176519,0.881893,-0.333079,-0.713736,0.616108,-0.83517,-0.117924,-0.537156,-0.916074,0.302011,-0.263771,-0.774865,0.504288,-0.381115,0.44319,0.610096,-0.656728,-0.78399,0.356517,-0.508164,0.134678,0.864345,-0.484512,0.931822,-0.054537,0.358776,0.918882,0.376476,-0.11771,0.798425,0.544084,0.257729,-0.06595,0.260598,0.963164,0.493912,0.050233,0.868038,0.159856,0.224403,0.961272,-0.493484,-0.223762,0.840449,-0.143651,-0.277566,0.949889,-0.653005,0.539323,0.531663,-0.235206,0.962493,0.135197],
			
			"skinIndices"  : [],
			"skinWeights"  : [],
			"morphTargets" : [],
			
			"bones"      : [],
			"animations" : [],
			
			"colors"    : [],
			"materials" : [
				{
					"DbgColor": 15658734,
					"DbgIndex": 0,
					"DbgName": "Material_001.002",
					"blending": "NormalBlending",
					"colorAmbient": [0.6399999713897699, 0.6399999713897699, 0.6399999713897699],
					"colorDiffuse": [0.6399999713897699, 0.6399999713897699, 0.6399999713897699],
					"colorEmissive": [0.0, 0.0, 0.0],
					"colorSpecular": [0.25, 0.25, 0.25],
					"depthTest": true,
					"depthWrite": true,
					"shading": "Lambert",
					"specularCoef": 50,
					"transparency": 1.0,
					"transparent": false,
					"vertexColors": false
				}
			]


	}
