	{

		"metadata": {
			"formatVersion" : 3.1,
			"generatedBy"   : "Blender 2.7 Exporter",
			"vertices"      : 84,
			"faces"         : 160,
			"normals"       : 84,
			"colors"        : 0,
			"uvs"           : [56],
			"materials"     : 1,
			"morphTargets"  : 0,
			"bones"         : 0
		},

			"scale" : 1.000000,
			
			"vertices" : [4.5187,0.564394,-2.24985,5.2423,1.11717,-1.72412,4.24231,1.11717,-1.3992,3.62427,1.11718,-2.24985,4.24231,1.11717,-3.1005,5.2423,1.11717,-2.77557,4.79508,2.01161,-1.3992,3.79509,2.01161,-1.72412,3.79509,2.01161,-2.77557,4.79508,2.01161,-3.1005,5.41312,2.01161,-2.24985,4.5187,2.56439,-2.24985,4.35624,0.713739,-1.74985,4.94402,0.713739,-1.94084,4.78156,1.03866,-1.44084,5.36934,1.03866,-2.24985,4.94402,0.713739,-2.55886,3.99297,0.713742,-2.24985,3.83051,1.03866,-1.74985,4.35624,0.713739,-2.74984,3.83051,1.03866,-2.74985,4.78156,1.03866,-3.05886,5.46975,1.56439,-1.94084,5.46975,1.56439,-2.55886,4.5187,1.56439,-1.24985,5.10648,1.56439,-1.44083,3.56764,1.56439,-1.94084,3.93091,1.56439,-1.44083,3.93091,1.56439,-3.05887,3.56764,1.56439,-2.55886,5.10648,1.56439,-3.05887,4.5187,1.56439,-3.24985,5.20689,2.09013,-1.74985,4.25583,2.09013,-1.44084,3.66805,2.09013,-2.24985,4.25583,2.09013,-3.05886,5.20689,2.09013,-2.74985,4.68115,2.41505,-1.74985,5.04443,2.41505,-2.24985,4.09337,2.41505,-1.94084,4.09337,2.41505,-2.55886,4.68115,2.41505,-2.74984,-0.253278,-0.411219,0.135806,-2.32248,-0.856112,-0.100935,0.141306,-0.0405217,-0.511139,1.60429,-0.887994,-1.07916,2.54195,-1.19172,2.17807,-1.18009,-0.598475,2.1481,-1.1138,1.07245,-0.949277,1.60931,2.30156,-3.02208,3.77822,1.84788,0.334765,0.496927,1.62424,2.19341,-3.00585,2.24675,2.38782,0.069726,2.37586,-0.00332886,-0.313072,-1.08987,-0.822186,-1.04329,-1.37831,-0.0986114,-1.1718,-0.621389,-0.97172,-1.19251,-0.504204,0.844663,-0.556931,-1.94867,1.32871,0.427371,-0.540485,-0.24885,0.403679,-0.328911,-1.25999,1.32626,-3.10095,0.896001,3.30731,-1.65717,-0.131323,0.340905,-1.32514,3.11828,-3.67141,0.243598,1.14374,-1.63921,0.0307218,2.21476,-0.164897,0.475111,-0.484688,-1.99851,0.356735,-0.950735,2.19903,0.15174,-1.97696,-0.039211,-0.268573,-4.68399,3.07987,0.843492,1.11948,3.63589,0.521063,-0.946007,-0.650533,0.571317,4.04348,1.77615,0.604673,2.98407,-2.91304,2.52338,-0.47071,-0.252293,1.38662,-1.83002,2.53635,1.98408,-1.17423,1.53886,1.58404,1.4026,-0.623974,1.44793,1.80519,-0.678001,1.6955,-0.537649,-1.1902,2.49141,0.718137,0.196458,1.11443,-0.574167,1.1527,2.22666,0.0755437,0.0490768,1.22738,0.169854],
			"faces"    : [34,0,13,12,0,0,1,2,34,1,13,15,0,3,1,4,34,0,12,17,0,0,2,5,34,0,17,19,0,0,5,6,34,0,19,16,0,0,6,7,34,1,15,22,0,3,4,8,34,2,14,24,0,9,10,11,34,3,18,26,0,12,13,14,34,4,20,28,0,15,16,17,34,5,21,30,0,18,19,20,34,1,22,25,0,3,8,21,34,2,24,27,0,9,11,22,34,3,26,29,0,12,14,23,34,4,28,31,0,15,17,24,34,5,30,23,0,18,20,25,34,6,32,37,0,26,27,28,34,7,33,39,0,29,30,31,34,8,34,40,0,32,33,34,34,9,35,41,0,35,36,37,34,10,36,38,0,38,39,40,34,12,14,2,0,2,10,9,34,12,13,14,0,2,1,10,34,13,1,14,0,1,3,10,34,15,16,5,0,4,7,18,34,15,13,16,0,4,1,7,34,13,0,16,0,1,0,7,34,17,18,3,0,5,13,12,34,17,12,18,0,5,2,13,34,12,2,18,0,2,9,13,34,19,20,4,0,6,16,15,34,19,17,20,0,6,5,16,34,17,3,20,0,5,12,16,34,16,21,5,0,7,19,18,34,16,19,21,0,7,6,19,34,19,4,21,0,6,15,19,34,22,23,10,0,8,25,38,34,22,15,23,0,8,4,25,34,15,5,23,0,4,18,25,34,24,25,6,0,11,21,26,34,24,14,25,0,11,10,21,34,14,1,25,0,10,3,21,34,26,27,7,0,14,22,29,34,26,18,27,0,14,13,22,34,18,2,27,0,13,9,22,34,28,29,8,0,17,23,32,34,28,20,29,0,17,16,23,34,20,3,29,0,16,12,23,34,30,31,9,0,20,24,35,34,30,21,31,0,20,19,24,34,21,4,31,0,19,15,24,34,25,32,6,0,21,27,26,34,25,22,32,0,21,8,27,34,22,10,32,0,8,38,27,34,27,33,7,0,22,30,29,34,27,24,33,0,22,11,30,34,24,6,33,0,11,26,30,34,29,34,8,0,23,33,32,34,29,26,34,0,23,14,33,34,26,7,34,0,14,29,33,34,31,35,9,0,24,36,35,34,31,28,35,0,24,17,36,34,28,8,35,0,17,32,36,34,23,36,10,0,25,39,38,34,23,30,36,0,25,20,39,34,30,9,36,0,20,35,39,34,37,38,11,0,28,40,41,34,37,32,38,0,28,27,40,34,32,10,38,0,27,38,40,34,39,37,11,0,31,28,41,34,39,33,37,0,31,30,28,34,33,6,37,0,30,26,28,34,40,39,11,0,34,31,41,34,40,34,39,0,34,33,31,34,34,7,39,0,33,29,31,34,41,40,11,0,37,34,41,34,41,35,40,0,37,36,34,34,35,8,40,0,36,32,34,34,38,41,11,0,40,37,41,34,38,36,41,0,40,39,37,34,36,9,41,0,39,35,37,42,42,55,54,1,0,1,2,42,43,44,42,43,55,57,1,3,1,4,45,43,46,42,42,54,59,1,0,2,5,42,44,47,42,42,59,61,1,6,7,8,42,47,48,42,42,61,58,1,9,10,11,42,48,49,42,43,57,64,1,3,4,12,45,46,50,42,44,56,66,1,13,14,15,51,52,53,42,45,60,68,1,16,17,18,54,55,56,42,46,62,70,1,19,20,21,57,58,59,42,47,63,72,1,22,23,24,60,61,62,42,43,64,67,1,3,12,25,45,50,63,42,44,66,69,1,13,15,26,51,53,64,42,45,68,71,1,27,28,29,54,56,65,42,46,70,73,1,19,21,30,57,59,66,42,47,72,65,1,22,24,31,60,62,67,42,48,74,79,1,32,33,34,68,69,70,42,49,75,81,1,35,36,37,71,72,73,42,50,76,82,1,38,39,40,74,75,76,42,51,77,83,1,41,42,43,77,78,79,42,52,78,80,1,44,45,46,80,81,82,42,54,56,44,1,2,14,13,44,52,51,42,54,55,56,1,2,1,14,44,43,52,42,55,43,56,1,1,3,14,43,45,52,42,57,58,47,1,4,11,22,46,49,60,42,57,55,58,1,4,1,11,46,43,49,42,55,42,58,1,1,9,11,43,42,49,42,59,60,45,1,5,17,16,47,55,54,42,59,54,60,1,5,2,17,47,44,55,42,54,44,60,1,2,13,17,44,51,55,42,61,62,46,1,10,47,48,48,58,57,42,61,59,62,1,8,7,20,48,47,58,42,59,45,62,1,7,27,20,47,54,58,42,58,63,47,1,11,23,22,49,61,60,42,58,61,63,1,11,10,23,49,48,61,42,61,46,63,1,10,48,23,48,57,61,42,64,65,52,1,12,31,44,50,67,80,42,64,57,65,1,12,4,31,50,46,67,42,57,47,65,1,4,22,31,46,60,67,42,66,67,48,1,15,25,32,53,63,68,42,66,56,67,1,15,14,25,53,52,63,42,56,43,67,1,14,3,25,52,45,63,42,68,69,49,1,49,26,35,56,64,71,42,68,60,69,1,18,17,50,56,55,64,42,60,44,69,1,17,13,26,55,51,64,42,70,71,50,1,21,29,38,59,65,74,42,70,62,71,1,21,20,29,59,58,65,42,62,45,71,1,20,27,29,58,54,65,42,72,73,51,1,24,51,41,62,66,77,42,72,63,73,1,24,23,51,62,61,66,42,63,46,73,1,23,48,51,61,57,66,42,67,74,48,1,25,33,32,63,69,68,42,67,64,74,1,25,12,33,63,50,69,42,64,52,74,1,12,44,33,50,80,69,42,69,75,49,1,26,36,35,64,72,71,42,69,66,75,1,26,15,36,64,53,72,42,66,48,75,1,15,32,36,53,68,72,42,71,76,50,1,29,39,38,65,75,74,42,71,68,76,1,29,28,39,65,56,75,42,68,49,76,1,49,35,52,56,71,75,42,73,77,51,1,51,42,41,66,78,77,42,73,70,77,1,30,21,53,66,59,78,42,70,50,77,1,21,38,53,59,74,78,42,65,78,52,1,31,45,44,67,81,80,42,65,72,78,1,31,24,45,67,62,81,42,72,51,78,1,24,41,45,62,77,81,42,79,80,53,1,34,46,54,70,82,83,42,79,74,80,1,34,33,46,70,69,82,42,74,52,80,1,33,44,46,69,80,82,42,81,79,53,1,37,34,54,73,70,83,42,81,75,79,1,37,36,34,73,72,70,42,75,48,79,1,36,32,34,72,68,70,42,82,81,53,1,55,37,54,76,73,83,42,82,76,81,1,55,52,37,76,75,73,42,76,49,81,1,52,35,37,75,71,73,42,83,82,53,1,43,55,54,79,76,83,42,83,77,82,1,43,42,55,79,78,76,42,77,50,82,1,53,38,40,78,74,76,42,80,83,53,1,46,43,54,82,79,83,42,80,78,83,1,46,45,43,82,81,79,42,78,51,83,1,45,41,43,81,77,79],
			"uvs"      : [[0.425109,0.070224,0.47581,0.212092,0.353757,0.160601,0.406291,0.302457,0.468994,0.34645,0.337371,0.032322,0.321837,0.63828,0.293522,0.698167,0.232687,0.614248,0.629582,0.207552,0.688523,0.328241,0.561926,0.313367,0.396642,0.360559,0.276716,0.221773,0.35214,0.251356,0.281164,0.289613,0.257581,0.000107,0.239903,0.123013,0.11235,0.040702,0.063457,0.740997,0.166155,0.712537,0.119186,0.828893,0.511619,0.388966,0.592392,0.418962,0.500271,0.461236,0.343244,0.325191,0.097397,0.25837,0.281802,0.757664,0.321837,0.855798,0.217119,0.822524,0.000107,0.822922,0.450274,0.403511,0.290465,0.359238,0.343542,0.389757,0.288178,0.423403,0.129979,0.399541,0.20698,0.367252,0.213558,0.479215,0.161566,0.89324,0.232409,0.918389,0.14674,0.999893,0.45889,0.525746,0.439492,0.614034,0.384636,0.529419,0.392882,0.41381,0.420799,0.463315,0.351852,0.456208,0.845267,0.3943,0.710864,0.467871,0.000107,0.437879,0.065655,0.238168,0.600057,0.569263,0.110097,0.556595,0.085492,0.902075,0.302674,0.502264,0.274225,0.614034]],