	{

		"metadata": {
			"formatVersion" : 3.1,
			"generatedBy"   : "Blender 2.7 Exporter",
			"vertices"      : 42,
			"faces"         : 80,
			"normals"       : 42,
			"colors"        : 0,
			"uvs"           : [56],
			"materials"     : 1,
			"morphTargets"  : 0,
			"bones"         : 0
		},

			"scale" : 1.000000,
			
			"vertices" : [-0.253278,-0.411219,0.135806,-2.32248,-0.856112,-0.100935,0.141306,-0.0405217,-0.511139,1.60429,-0.887994,-1.07916,2.54195,-1.19172,2.17807,-1.18009,-0.598475,2.1481,-1.1138,1.07245,-0.949277,1.60931,2.30156,-3.02208,3.77822,1.84788,0.334765,0.496927,1.62424,2.19341,-3.00585,2.24675,2.38782,0.069726,2.37586,-0.00332886,-0.313072,-1.08987,-0.822186,-1.04329,-1.37831,-0.0986114,-1.1718,-0.621389,-0.97172,-1.19251,-0.504204,0.844663,-0.556931,-1.94867,1.32871,0.427371,-0.540485,-0.24885,0.403679,-0.328911,-1.25999,1.32626,-3.10095,0.896001,3.30731,-1.65717,-0.131323,0.340905,-1.32514,3.11828,-3.67141,0.243598,1.14374,-1.63921,0.0307218,2.21476,-0.164897,0.475111,-0.484688,-1.99851,0.356735,-0.950735,2.19903,0.15174,-1.97696,-0.039211,-0.268573,-4.68399,3.07987,0.843492,1.11948,3.63589,0.521063,-0.946007,-0.650533,0.571317,4.04348,1.77615,0.604673,2.98407,-2.91304,2.52338,-0.47071,-0.252293,1.38662,-1.83002,2.53635,1.98408,-1.17423,1.53886,1.58404,1.4026,-0.623974,1.44793,1.80519,-0.678001,1.6955,-0.537649,-1.1902,2.49141,0.718137,0.196458,1.11443,-0.574167,1.1527,2.22666,0.0755437,0.0490768,1.22738,0.169854],
			"faces"    : [42,0,13,12,0,0,1,2,0,1,2,42,1,13,15,0,3,1,4,3,1,4,42,0,12,17,0,0,2,5,0,2,5,42,0,17,19,0,6,7,8,0,5,6,42,0,19,16,0,9,10,11,0,6,7,42,1,15,22,0,3,4,12,3,4,8,42,2,14,24,0,13,14,15,9,10,11,42,3,18,26,0,16,17,18,12,13,14,42,4,20,28,0,19,20,21,15,16,17,42,5,21,30,0,22,23,24,18,19,20,42,1,22,25,0,3,12,25,3,8,21,42,2,24,27,0,13,15,26,9,11,22,42,3,26,29,0,27,28,29,12,14,23,42,4,28,31,0,19,21,30,15,17,24,42,5,30,23,0,22,24,31,18,20,25,42,6,32,37,0,32,33,34,26,27,28,42,7,33,39,0,35,36,37,29,30,31,42,8,34,40,0,38,39,40,32,33,34,42,9,35,41,0,41,42,43,35,36,37,42,10,36,38,0,44,45,46,38,39,40,42,12,14,2,0,2,14,13,2,10,9,42,12,13,14,0,2,1,14,2,1,10,42,13,1,14,0,1,3,14,1,3,10,42,15,16,5,0,4,11,22,4,7,18,42,15,13,16,0,4,1,11,4,1,7,42,13,0,16,0,1,9,11,1,0,7,42,17,18,3,0,5,17,16,5,13,12,42,17,12,18,0,5,2,17,5,2,13,42,12,2,18,0,2,13,17,2,9,13,42,19,20,4,0,10,47,48,6,16,15,42,19,17,20,0,8,7,20,6,5,16,42,17,3,20,0,7,27,20,5,12,16,42,16,21,5,0,11,23,22,7,19,18,42,16,19,21,0,11,10,23,7,6,19,42,19,4,21,0,10,48,23,6,15,19,42,22,23,10,0,12,31,44,8,25,38,42,22,15,23,0,12,4,31,8,4,25,42,15,5,23,0,4,22,31,4,18,25,42,24,25,6,0,15,25,32,11,21,26,42,24,14,25,0,15,14,25,11,10,21,42,14,1,25,0,14,3,25,10,3,21,42,26,27,7,0,49,26,35,14,22,29,42,26,18,27,0,18,17,50,14,13,22,42,18,2,27,0,17,13,26,13,9,22,42,28,29,8,0,21,29,38,17,23,32,42,28,20,29,0,21,20,29,17,16,23,42,20,3,29,0,20,27,29,16,12,23,42,30,31,9,0,24,51,41,20,24,35,42,30,21,31,0,24,23,51,20,19,24,42,21,4,31,0,23,48,51,19,15,24,42,25,32,6,0,25,33,32,21,27,26,42,25,22,32,0,25,12,33,21,8,27,42,22,10,32,0,12,44,33,8,38,27,42,27,33,7,0,26,36,35,22,30,29,42,27,24,33,0,26,15,36,22,11,30,42,24,6,33,0,15,32,36,11,26,30,42,29,34,8,0,29,39,38,23,33,32,42,29,26,34,0,29,28,39,23,14,33,42,26,7,34,0,49,35,52,14,29,33,42,31,35,9,0,51,42,41,24,36,35,42,31,28,35,0,30,21,53,24,17,36,42,28,8,35,0,21,38,53,17,32,36,42,23,36,10,0,31,45,44,25,39,38,42,23,30,36,0,31,24,45,25,20,39,42,30,9,36,0,24,41,45,20,35,39,42,37,38,11,0,34,46,54,28,40,41,42,37,32,38,0,34,33,46,28,27,40,42,32,10,38,0,33,44,46,27,38,40,42,39,37,11,0,37,34,54,31,28,41,42,39,33,37,0,37,36,34,31,30,28,42,33,6,37,0,36,32,34,30,26,28,42,40,39,11,0,55,37,54,34,31,41,42,40,34,39,0,55,52,37,34,33,31,42,34,7,39,0,52,35,37,33,29,31,42,41,40,11,0,43,55,54,37,34,41,42,41,35,40,0,43,42,55,37,36,34,42,35,8,40,0,53,38,40,36,32,34,42,38,41,11,0,46,43,54,40,37,41,42,38,36,41,0,46,45,43,40,39,37,42,36,9,41,0,45,41,43,39,35,37],
			"uvs"      : [[0.425109,0.070224,0.47581,0.212092,0.353757,0.160601,0.406291,0.302457,0.468994,0.34645,0.337371,0.032322,0.321837,0.63828,0.293522,0.698167,0.232687,0.614248,0.629582,0.207552,0.688523,0.328241,0.561926,0.313367,0.396642,0.360559,0.276716,0.221773,0.35214,0.251356,0.281164,0.289613,0.257581,0.000107,0.239903,0.123013,0.11235,0.040702,0.063457,0.740997,0.166155,0.712537,0.119186,0.828893,0.511619,0.388966,0.592392,0.418962,0.500271,0.461236,0.343244,0.325191,0.097397,0.25837,0.281802,0.757664,0.321837,0.855798,0.217119,0.822524,0.000107,0.822922,0.450274,0.403511,0.290465,0.359238,0.343542,0.389757,0.288178,0.423403,0.129979,0.399541,0.20698,0.367252,0.213558,0.479215,0.161566,0.89324,0.232409,0.918389,0.14674,0.999893,0.45889,0.525746,0.439492,0.614034,0.384636,0.529419,0.392882,0.41381,0.420799,0.463315,0.351852,0.456208,0.845267,0.3943,0.710864,0.467871,0.000107,0.437879,0.065655,0.238168,0.600057,0.569263,0.110097,0.556595,0.085492,0.902075,0.302674,0.502264,0.274225,0.614034]],
			"normals"  : [0.189184,-0.94586,-0.26368,-0.071413,-0.98883,-0.130741,0.327952,-0.751762,-0.572069,-0.589251,-0.78637,-0.185308,-0.633473,-0.710776,0.305734,-0.13477,-0.926572,-0.351115,0.021729,-0.989929,-0.139805,-0.635304,-0.770989,-0.04355,-0.889889,-0.428327,0.156804,-0.637135,-0.0824,-0.766289,-0.110965,-0.298898,-0.947783,-0.435957,-0.367748,-0.821375,-0.094852,-0.834651,-0.542528,-0.386853,-0.883328,-0.264626,0.612232,-0.484756,-0.624622,0.694174,-0.352672,0.627461,0.715018,-0.618549,-0.325724,0.794275,0.183538,0.579119,-0.762963,-0.573595,0.298074,-0.079562,-0.597797,0.797662,-0.363079,0.224433,0.904294,-0.363323,-0.124363,-0.923307,-0.317118,-0.382488,-0.867794,0.882138,-0.071017,-0.46556,0.535478,0.345042,0.770806,-0.631092,-0.420515,0.651814,-0.127659,0.016694,-0.991668,-0.502091,0.659383,-0.559526,0.08182,0.764458,-0.639424,0.286752,0.808405,-0.514023,-0.770348,0.616596,-0.162236,0.05707,0.924894,-0.375896,0.814692,0.525712,0.244636,0.396435,0.827967,-0.396588,-0.250069,0.967803,0.02768,0.044954,0.964629,0.259682,0.132817,0.908933,0.395184,0.145116,0.787866,0.598468,-0.437696,0.532273,0.724601,0.062655,0.89465,0.442274,0.342814,0.932432,0.11417,0.304361,0.952452,0.011811],
			
			"skinIndices"  : [],
			"skinWeights"  : [],
			"morphTargets" : [],
			
			"bones"      : [],
			"animations" : [],
			
			"colors"    : [],
			"materials" : [
				{
					"DbgColor": 15658734,
					"DbgIndex": 0,
					"DbgName": "Material_001",
					"blending": "NormalBlending",
					"colorAmbient": [0.6399999713897699, 0.6399999713897699, 0.6399999713897699],
					"colorDiffuse": [0.6399999713897699, 0.6399999713897699, 0.6399999713897699],
					"colorEmissive": [0.0, 0.0, 0.0],
					"colorSpecular": [0.25, 0.25, 0.25],
					"depthTest": true,
					"depthWrite": true,
					"shading": "Lambert",
					"specularCoef": 50,
					"transparency": 1.0,
					"transparent": false,
					"vertexColors": false
				}
			]


	}
